<?xml version="1.0" encoding="UTF-8" ?>
<!DOCTYPE mapper PUBLIC "-//mybatis.org//DTD Mapper 3.0//EN" "http://mybatis.org/dtd/mybatis-3-mapper.dtd">
<mapper namespace="com.lgcns.team17.aidd.fzrev.repository.BuildingRepository">

    <resultMap id="BuildingResultMap" type="com.lgcns.team17.aidd.fzrev.domain.Building">
        <id property="id" column="id"/>
        <result property="name" column="name"/>
        <result property="address" column="address"/>
    </resultMap>

    <select id="findAll" resultMap="BuildingResultMap">
        SELECT id, name, address FROM BUILDING ORDER BY name
    </select>

    <select id="findById" resultMap="BuildingResultMap">
        SELECT id, name, address FROM BUILDING WHERE id = #{id}
    </select>
</mapper>