<?xml version="1.0" encoding="UTF-8" ?>
<!DOCTYPE mapper PUBLIC "-//mybatis.org//DTD Mapper 3.0//EN" "http://mybatis.org/dtd/mybatis-3-mapper.dtd">
<mapper namespace="com.lgcns.team17.aidd.fzrev.repository.FloorRepository">

    <resultMap id="FloorResultMap" type="com.lgcns.team17.aidd.fzrev.domain.Floor">
        <id property="id" column="id"/>
        <result property="buildingId" column="building_id"/>
        <result property="floor" column="floor"/>
        <result property="name" column="name"/> <!-- Giả sử có cột name trong bảng FLOOR -->
    </resultMap>

    <select id="findByBuildingId" resultMap="FloorResultMap">
        SELECT id, building_id, floor, name FROM FLOOR WHERE building_id = #{buildingId} ORDER BY floor
    </select>

    <select id="findById" resultMap="FloorResultMap">
        SELECT id, building_id, floor, name
        FROM FLOOR
        WHERE id = #{id}
    </select>

    <select id="findByBuildingIdAndFloorNumber" resultMap="FloorResultMap">
        SELECT id, building_id, floor, name
        FROM FLOOR
        WHERE building_id = #{buildingId} AND floor = #{floorNumber}
    </select>
    <!-- Các query khác -->
</mapper>