<?xml version="1.0" encoding="UTF-8" ?>
<!DOCTYPE mapper PUBLIC "-//mybatis.org//DTD Mapper 3.0//EN" "http://mybatis.org/dtd/mybatis-3-mapper.dtd">
<mapper namespace="com.lgcns.team17.aidd.fzrev.repository.ReservationRepository">

    <resultMap id="ReservationResultMap" type="com.lgcns.team17.aidd.fzrev.domain.Reservation">
        <id property="id" column="id"/>
        <result property="employeeId" column="employee_id"/>
        <result property="seatId" column="seat_id"/>
        <result property="startTime" column="start_time"/>
        <result property="endTime" column="end_time"/>
        <result property="status" column="status" typeHandler="org.apache.ibatis.type.EnumTypeHandler"/>
        <result property="checkInAt" column="check_in_at"/>
        <result property="createdAt" column="created_at"/>
        <result property="updatedAt" column="updated_at"/>
        <result property="extendedFromReservationId" column="extended_from_reservation_id"/>
    </resultMap>

    <insert id="insert" useGeneratedKeys="true" keyProperty="id" keyColumn="id">
        INSERT INTO RESERVATION (employee_id, seat_id, start_time, end_time, status, created_at, updated_at, extended_from_reservation_id, check_in_at)
        VALUES (#{employeeId}, #{seatId}, #{startTime}, #{endTime}, #{status, typeHandler=org.apache.ibatis.type.EnumTypeHandler}, NOW(), NOW(), #{extendedFromReservationId}, #{checkInAt})
    </insert>

    <select id="findById" resultMap="ReservationResultMap">
        SELECT * FROM RESERVATION WHERE id = #{id}
    </select>

    <select id="findBySeatIdAndStatusInAndOverlappingTime" resultMap="ReservationResultMap">
        SELECT * FROM RESERVATION
        WHERE seat_id = #{seatId}
        AND status IN
        <foreach item="itemStatus" collection="statuses" open="(" separator="," close=")">
            #{itemStatus, typeHandler=org.apache.ibatis.type.EnumTypeHandler}
        </foreach>2
        <![CDATA[
        AND start_time < #{endTime} <!-- Requested End Time -->
        AND end_time > #{startTime} <!-- Requested Start Time -->
        ]]>
        <if test="excludeReservationId != null">
            AND id != #{excludeReservationId}
        </if>
    </select>

    <select id="sumDailyReservationDurationForEmployee" resultType="long">
        SELECT COALESCE(SUM(TIMESTAMPDIFF(MINUTE, start_time, end_time)), 0)
        FROM RESERVATION
        WHERE employee_id = #{employeeId}
        AND DATE(start_time) = #{date} <!-- So sánh chỉ phần ngày -->
        AND status IN
        <foreach item="itemStatus" collection="statusesToSum" open="(" separator="," close=")">
            #{itemStatus, typeHandler=org.apache.ibatis.type.EnumTypeHandler}
        </foreach>
        <if test="excludeReservationId != null">
            AND id != #{excludeReservationId}
        </if>
    </select>

    <update id="updateStatus">
        UPDATE RESERVATION
        SET status = #{status, typeHandler=org.apache.ibatis.type.EnumTypeHandler},
            updated_at = #{updatedAt}
        WHERE id = #{id}
    </update>

    <!-- Query để đếm tổng số lượng lịch sử đặt chỗ -->
    <select id="countHistoryByEmployeeIdAndDateRange" resultType="long">
        SELECT COUNT(*)
        FROM RESERVATION
        <![CDATA[
        WHERE employee_id = #{employeeId}
        AND start_time >= #{queryStartDate} <!-- Hoặc created_at tùy theo định nghĩa "ngày đặt chỗ" -->
        AND start_time <= #{queryEndDate}  <!-- Hoặc created_at -->
          ]]>
        <!-- Thêm các điều kiện lọc khác nếu cần, giống với query findHistory... -->
    </select>

    <select id="findHistoryByEmployeeIdAndDateRange" resultMap="ReservationResultMap">
        <![CDATA[
        SELECT *
        FROM RESERVATION
        WHERE employee_id = #{employeeId}
        AND start_time >= #{queryStartDate} <!-- Hoặc created_at tùy theo định nghĩa "ngày đặt chỗ" -->
        AND start_time <= #{query * FROM RESERVATION WHERE id = #{id}
            ]]>
    </select>

    <select id="findByEmployeeId" resultMap="ReservationResultMap">
        SELECT * FROM RESERVATION WHERE employee_id = #{employeeId} ORDER BY start_time DESC
    </select>

    <select id="findByEmployeeIdAndStatusInAndEndTimeAfter" resultMap="ReservationResultMap">
        SELECT * FROM RESERVATION
        WHERE employee_id = #{employeeId}
        AND status IN
        <foreach item="itemStatus" collection="statuses" open="(" separator="," close=")">
            #{itemStatus, typeHandler=org.apache.ibatis.type.EnumTypeHandler}
        </foreach>
        AND end_time >= #{currentTime} -- Hoặc > tùy theo logic "sau" là gì
        ORDER BY start_time ASC
    </select>



    <!-- Query cho A0101: Buộc Trả Ghế - Tìm các đặt chỗ IN_USE đang active cho ghế đó -->
    <select id="findActiveInUseReservationsBySeatIdAtTime" resultMap="ReservationResultMap">
        <![CDATA[
        SELECT *
        FROM RESERVATION
        WHERE seat_id = #{seatId}
        AND status = 'IN_USE'
        AND start_time <= #{currentTime} <!-- Bắt đầu trước hoặc bằng thời điểm hiện tại -->
        AND end_time > #{currentTime}   <!-- Kết thúc sau thời điểm hiện tại -->
          ]]>
    </select>

    <update id="updateStatusForIds">
        UPDATE RESERVATION
        SET status = #{status, typeHandler=org.apache.ibatis.type.EnumTypeHandler},
        updated_at = #{updatedAt} <!-- Hoặc NOW() -->
        WHERE id IN
        <foreach item="idItem" collection="ids" open="(" separator="," close=")">
            #{idItem}
        </foreach>
    </update>

    <!-- Query cho việc tìm các phần mở rộng của một đặt chỗ -->
    <select id="findByExtendedFromReservationId" resultMap="ReservationResultMap">
        SELECT * FROM RESERVATION
        WHERE extended_from_reservation_id = #{originalReservationId}
        ORDER BY start_time ASC
    </select>

    <!-- Query cho PENDING -> RESERVED/FAIL batch (ví dụ) -->
    <!-- Giả sử findPendingReservationsUpTo là tên khác của findReservationsByStatusAndStartTimeBefore -->
    <!-- Hoặc một query cụ thể hơn nếu logic batch phức tạp -->
    <select id="findPendingReservationsUpTo" resultMap="ReservationResultMap">
        SELECT * FROM RESERVATION
        WHERE status = 'PENDING' để lấy phần ngày -->
        AND status IN
        <foreach item="itemStatus" collection="statusesToSum" open="(" separator="," close=")">
            #{itemStatus, typeHandler=org.apache.ibatis.type.EnumTypeHandler}
        </foreach>
        <if test="excludeReservationId != null">
            AND id != #{excludeReservationId}
        </if>
    </select>


    <update id="updateStatusAndCheckInTime">
        UPDATE RESERVATION
        SET status = #{status, typeHandler=org.apache.ibatis.type.EnumTypeHandler},
            check_in_at = #{checkInAt},
            updated_at = #{updatedAt}
        WHERE id = #{id}
    </update>

    <select id="findReservationsByStatusAndStartTimeBefore" resultMap="ReservationResultMap">
        <![CDATA[
        SELECT * FROM RESERVATION
        WHERE status = #{status, typeHandler=org.apache.ibatis.type.EnumTypeHandler}
        AND start_time < #{cutoffTime} <!-- Use < for < -->
        ORDER BY start_time ASC
                   ]]>
    </select>

    <select id="findReservationsByStatusAndEndTimeBefore" resultMap="ReservationResultMap">
        <![CDATA[
        SELECT * FROM RESERVATION

        AND start_time <= #{limitTime} <!-- Ví dụ: lấy các PENDING có start_time trong khoảng thời gian sắp tới -->
        ORDER BY created_at ASC <!-- Ưu tiên xử lý các PENDING cũ hơn trước -->
                   ]]>
    </select>


    <!-- Recursive CTE để tìm chuỗi gia hạn (nếu MariaDB version hỗ trợ tốt - từ 10.2.2) -->
    <!-- Nếu không, bạn nên xử lý logic này trong Java code bằng cách lặp -->
    <select id="findReservationChain" resultMap="ReservationResultMap">
        WITH RECURSIVE ReservationChain (id, employee_id, seat_id, start_time, end_time, status, check_in_at, created_at,
                                         updated_at, extended_from_reservation_id, direction_flag) AS (
            -- Anchor member: the starting reservation
            SELECT r.id,
                   r.employee_id,
                   r.seat_id,
                   r.start_time,
                   r.end_time,
                   r.status,
                   r.check_in_at,
                   r.created_at,
                   r.updated_at,
                   r.extended_from_reservation_id,
                   0
            FROM RESERVATION r
            WHERE r.id = #{reservationId}

            UNION ALL

            -- Recursive member: reservations extended FROM a reservation in the chain (going forward)
            SELECT next_r.id,
                   next_r.employee_id,
                   next_r.seat_id,
                   next_r.start_time,
                   next_r.end_time,
                   next_r.status,
                   next_r.check_in_at,
                   next_r.created_at,
                   next_r.updated_at,
                   next_r.extended_from_reservation_id,
                   1
            FROM RESERVATION next_r
                     JOIN ReservationChain rc ON next_r.extended_from_reservation_id = rc.id
            WHERE rc.direction_flag != -1 -- Avoid going back and forth indefinitely if data is messy

        UNION ALL

        -- Recursive member: reservations that the current chain member was extended FROM (going backward)
        SELECT prev_r.id,
               prev_r.employee_id,
               prev_r.seat_id,
               prev_r.start_time,
               prev_r.end_time,
               prev_r.status,
               prev_r.check_in_at,
               prev_r.created_at,
               prev_r.updated_at,
               prev_r.extended_from_reservation_id,
               -1
        FROM RESERVATION prev_r
                 JOIN ReservationChain rc ON prev_r.id = rc.extended_from_reservation_id
        WHERE rc.direction_flag != 1 -- Avoid going back and forth
            )
        SELECT DISTINCT id,
                        employee_id,
                        seat_id,
                        start_time,
                        end_time,
                        status,
                        check_in_at,
                        created_at,
                        updated_at,
                        extended_from_reservation_id
        FROM ReservationChain
        ORDER BY start_time ASC;
    </select>
</mapper>