<?xml version="1.0" encoding="UTF-8" ?>
<!DOCTYPE mapper PUBLIC "-//mybatis.org//DTD Mapper 3.0//EN" "http://mybatis.org/dtd/mybatis-3-mapper.dtd">
<mapper namespace="com.lgcns.team17.aidd.fzrev.repository.SeatRepository">

    <resultMap id="SeatResultMap" type="com.lgcns.team17.aidd.fzrev.domain.Seat">
        <id property="id" column="id"/>
        <result property="floorId" column="floor_id"/>
        <result property="name" column="name"/>
        <result property="status" column="status" typeHandler="org.apache.ibatis.type.EnumTypeHandler"/>
        <result property="updatedAt" column="updated_at"/>
    </resultMap>

    <resultMap id="AvailableSeatInfoResultMap" type="com.lgcns.team17.aidd.fzrev.repository.SeatRepository$AvailableSeatInfo" extends="SeatResultMap">
        <!-- Nếu AvailableSeatInfo có thêm trường, khai báo ở đây -->
        <!-- Ví dụ:
        <result property="buildingName" column="building_name"/>
        <result property="floorNumber" column="floor_number"/>
         -->
    </resultMap>

    <select id="findById" resultMap="SeatResultMap">
        SELECT * FROM SEAT WHERE id = #{id}
    </select>

    <select id="findByFloorId" resultMap="SeatResultMap">
        SELECT * FROM SEAT WHERE floor_id = #{floorId} ORDER BY name
    </select>

    <update id="updateStatus">
        UPDATE SEAT
        SET status = #{status, typeHandler=org.apache.ibatis.type.EnumTypeHandler},
            updated_at = #{updatedAt}
        WHERE id = #{id}
    </update>

    <!-- Query phức tạp cho findAvailableSeatsInTimeRange (U0101) -->
    <select id="findAvailableSeatsInTimeRange" resultMap="AvailableSeatInfoResultMap">

        SELECT s.* <!-- , b.name as building_name, f.floor as floor_number -->
        FROM SEAT s
        JOIN FLOOR f ON s.floor_id = f.id
        JOIN BUILDING b ON f.building_id = b.id
        WHERE s.status != 'BROKEN'
        <if test="buildingId != null">
            AND f.building_id = #{buildingId}
        </if>
        <if test="floorId != null">
            AND s.floor_id = #{floorId}
        </if>
        AND NOT EXISTS (
        SELECT 1
        FROM RESERVATION r
        WHERE r.seat_id = s.id
        AND r.status IN ('RESERVED', 'IN_USE')
        <![CDATA[
            AND r.start_time < #{endTime}
            AND r.end_time > #{startTime}
         ]]>
        )
        ORDER BY b.name, f.floor, s.name
        LIMIT #{limit} OFFSET #{offset}
    </select>

    <select id="countAvailableSeatsInTimeRange" resultType="long">
        SELECT COUNT(s.id)
        FROM SEAT s
        JOIN FLOOR f ON s.floor_id = f.id
        JOIN BUILDING b ON f.building_id = b.id
        WHERE s.status != 'BROKEN'
        <if test="buildingId != null">
            AND f.building_id = #{buildingId}
        </if>
        <if test="floorId != null">
            AND s.floor_id = #{floorId}
        </if>
        AND NOT EXISTS (
        SELECT 1
        FROM RESERVATION r
        WHERE r.seat_id = s.id
        AND r.status IN ('RESERVED', 'IN_USE')
        <![CDATA[
            AND r.start_time < #{endTime}
            AND r.end_time > #{startTime}
         ]]>
        )
    </select>
</mapper>