<?xml version="1.0" encoding="UTF-8" ?>
<!DOCTYPE mapper PUBLIC "-//mybatis.org//DTD Mapper 3.0//EN" "http://mybatis.org/dtd/mybatis-3-mapper.dtd">
<mapper namespace="com.lgcns.team17.aidd.fzrevc.mapper.BuildingMapper">

    <resultMap id="BuildingResultMap" type="com.lgcns.team17.aidd.fzrevc.entity.Building">
        <id property="id" column="id"/>
        <result property="name" column="name"/>
        <result property="address" column="address"/>
        <result property="description" column="description"/>
    </resultMap>

    <resultMap id="FloorResultMap" type="com.lgcns.team17.aidd.fzrevc.entity.Floor">
        <id property="id" column="id"/>
        <result property="buildingId" column="building_id"/>
        <result property="floorNumber" column="floor_number"/>
        <result property="name" column="name"/>
        <result property="description" column="description"/>
    </resultMap>

    <select id="findAllBuildings" resultMap="BuildingResultMap">
        SELECT * FROM building ORDER BY name
    </select>

    <select id="findFloorsByBuildingId" resultMap="FloorResultMap">
        SELECT * FROM floor WHERE building_id = #{buildingId} ORDER BY floor_number
    </select>
</mapper>