<?xml version="1.0" encoding="UTF-8" ?>
<!DOCTYPE mapper PUBLIC "-//mybatis.org//DTD Mapper 3.0//EN" "http://mybatis.org/dtd/mybatis-3-mapper.dtd">
<mapper namespace="com.lgcns.team17.aidd.fzrevc.mapper.ReservationMapper">

    <resultMap id="ReservationResultMap" type="com.lgcns.team17.aidd.fzrevc.entity.Reservation">
        <id property="id" column="r_id"/>
        <result property="employeeId" column="r_employee_id"/>
        <result property="seatId" column="r_seat_id"/>
        <result property="startTime" column="r_start_time"/>
        <result property="endTime" column="r_end_time"/>
        <result property="status" column="r_status" typeHandler="org.apache.ibatis.type.EnumTypeHandler"/>
        <result property="createdAt" column="r_created_at"/>
        <result property="checkInAt" column="r_check_in_at"/>
        <result property="extendedFromReservationId" column="r_extended_from_reservation_id"/>
        <association property="seat" javaType="com.lgcns.team17.aidd.fzrevc.entity.Seat" resultMap="com.lgcns.team17.aidd.fzrevc.mapper.SeatMapper.SeatResultMapWithJoins" columnPrefix="s_"/>
        <!-- Employee details are not typically joined here if they come from HR Service -->
    </resultMap>

    <select id="findByIdWithDetails" resultMap="ReservationResultMap">
        SELECT
            r.id as r_id, r.employee_id as r_employee_id, r.seat_id as r_seat_id,
            r.start_time as r_start_time, r.end_time as r_end_time, r.status as r_status,
            r.created_at as r_created_at, r.check_in_at as r_check_in_at,
            r.extended_from_reservation_id as r_extended_from_reservation_id,
            s.id as s_id, s.seat_number as s_seat_number, s.status as s_status, s.description as s_description, s.floor_id as s_floor_id,
            f.id as s_f_id, f.name as s_f_name, f.floor_number as s_f_floor_number, f.building_id as s_f_building_id,
            b.id as s_b_id, b.name as s_b_name
        FROM reservation r
                 LEFT JOIN seat s ON r.seat_id = s.id
                 LEFT JOIN floor f ON s.floor_id = f.id
                 LEFT JOIN building b ON f.building_id = b.id
        WHERE r.id = #{id}
    </select>

    <select id="findConflictingReservations" resultMap="ReservationResultMap">
        SELECT * FROM reservation
        WHERE seat_id = #{seatId}
        AND status IN ('RESERVED', 'IN_USE')
        AND start_time &lt; #{endTime}
        AND end_time &gt; #{startTime}
        <if test="excludeId != null">
            AND id != #{excludeId}
        </if>
    </select>

    <select id="calculateDailyReservationMinutesForDate" resultType="int">
        SELECT COALESCE(SUM(EXTRACT(EPOCH FROM (LEAST(end_time, #{date}::date + interval '1 day' - interval '1 second') - GREATEST(start_time, #{date}::date))) / 60), 0)
        FROM reservation
        WHERE employee_id = #{employeeId}
          AND status IN ('PENDING', 'RESERVED', 'IN_USE')
          AND start_time &lt; (#{date}::date + interval '1 day')
          AND end_time &gt; #{date}::date
    </select>

    <select id="findReservationsByStatus" resultMap="ReservationResultMap">
        SELECT * FROM reservation WHERE status = #{status}::reservation_status_enum
    </select>

    <select id="findReservedReservationsForNoShow" resultMap="ReservationResultMap">
        SELECT * FROM reservation
        WHERE status = 'RESERVED'
          AND check_in_at IS NULL
          AND start_time &lt; #{noShowThresholdTime}
    </select>

    <select id="findExpiredInUseReservations" resultMap="ReservationResultMap">
        SELECT * FROM reservation
        WHERE status = 'IN_USE'
          AND end_time &lt; #{currentTime}
    </select>

    <select id="findReservationChain" resultMap="ReservationResultMap">
        WITH RECURSIVE reservation_chain AS (
            SELECT * FROM reservation WHERE id = #{reservationId}
            UNION ALL
            SELECT r.* FROM reservation r INNER JOIN reservation_chain rc ON r.id = rc.extended_from_reservation_id
            UNION ALL
            SELECT r.* FROM reservation r INNER JOIN reservation_chain rc ON r.extended_from_reservation_id = rc.id
        )
        SELECT DISTINCT * FROM reservation_chain
        ORDER BY start_time
    </select>

    <update id="updateReservationChainStatus">
        UPDATE reservation
        SET status = #{status}::reservation_status_enum
        WHERE id IN
        <foreach item="item_id" collection="reservationIds" open="(" separator="," close=")">
            #{item_id}
        </foreach>
    </update>

    <select id="findActiveReservationsByEmployeeIdForTodayAndFuture" resultMap="ReservationResultMap">
        SELECT
            r.id as r_id, r.employee_id as r_employee_id, r.seat_id as r_seat_id,
            r.start_time as r_start_time, r.end_time as r_end_time, r.status as r_status,
            r.created_at as r_created_at, r.check_in_at as r_check_in_at,
            r.extended_from_reservation_id as r_extended_from_reservation_id,
            s.id as s_id, s.seat_number as s_seat_number, s.status as s_status, s.description as s_description, s.floor_id as s_floor_id,
            f.id as s_f_id, f.name as s_f_name, f.floor_number as s_f_floor_number, f.building_id as s_f_building_id,
            b.id as s_b_id, b.name as s_b_name
        FROM reservation r
                 LEFT JOIN seat s ON r.seat_id = s.id
                 LEFT JOIN floor f ON s.floor_id = f.id
                 LEFT JOIN building b ON f.building_id = b.id
        WHERE r.employee_id = #{employeeId}
          AND r.status IN ('PENDING', 'RESERVED', 'IN_USE')
          AND r.end_time >= #{currentTime}
        ORDER BY r.start_time ASC
    </select>

    <select id="findActiveInUseReservationsBySeatAtTime" resultMap="ReservationResultMap">
        SELECT * FROM reservation
        WHERE seat_id = #{seatId}
          AND status = 'IN_USE'
          AND start_time &lt;= #{currentTime}
          AND end_time &gt; #{currentTime}
    </select>

    <select id="findByEmployeeIdAndDateRange" resultMap="ReservationResultMap">
        SELECT
        r.id as r_id, r.employee_id as r_employee_id, r.seat_id as r_seat_id,
        r.start_time as r_start_time, r.end_time as r_end_time, r.status as r_status,
        r.created_at as r_created_at, r.check_in_at as r_check_in_at,
        r.extended_from_reservation_id as r_extended_from_reservation_id,
        s.id as s_id, s.seat_number as s_seat_number, s.status as s_status, s.description as s_description, s.floor_id as s_floor_id,
        f.id as s_f_id, f.name as s_f_name, f.floor_number as s_f_floor_number, f.building_id as s_f_building_id,
        b.id as s_b_id, b.name as s_b_name
        FROM reservation r
        LEFT JOIN seat s ON r.seat_id = s.id
        LEFT JOIN floor f ON s.floor_id = f.id
        LEFT JOIN building b ON f.building_id = b.id
        WHERE r.employee_id = #{employeeId}
        AND (r.start_time BETWEEN #{startDate} AND #{endDate} OR r.created_at BETWEEN #{startDate} AND #{endDate}) <!-- Adjust based on "ngày đặt chỗ" definition -->
        ORDER BY r.start_time DESC
        LIMIT #{limit} OFFSET #{skip}
    </select>

    <!-- Other CRUD operations: insertReservation, updateStatus, updateCheckIn, etc. -->
    <insert id="insertReservation" useGeneratedKeys="true" keyProperty="id">
        INSERT INTO reservation (employee_id, seat_id, start_time, end_time, status, created_at, check_in_at, extended_from_reservation_id)
        VALUES (#{employeeId}, #{seatId}, #{startTime}, #{endTime}, #{status}::reservation_status_enum, #{createdAt}, #{checkInAt}, #{extendedFromReservationId})
    </insert>

    <update id="updateStatus">
        UPDATE reservation SET status = #{status}::reservation_status_enum WHERE id = #{id}
    </update>

    <update id="updateCheckIn">
        UPDATE reservation SET status = #{status}::reservation_status_enum, check_in_at = #{checkInAt} WHERE id = #{id}
    </update>

</mapper>