<?xml version="1.0" encoding="UTF-8" ?>
<!DOCTYPE mapper PUBLIC "-//mybatis.org//DTD Mapper 3.0//EN" "http://mybatis.org/dtd/mybatis-3-mapper.dtd">
<mapper namespace="com.lgcns.team17.aidd.fzrevc.mapper.SeatMapper">

    <resultMap id="SeatResultMap" type="com.lgcns.team17.aidd.fzrevc.entity.Seat">
        <id property="id" column="s_id"/>
        <result property="seatNumber" column="s_seat_number"/>
        <result property="floorId" column="s_floor_id"/>
        <result property="status" column="s_status" typeHandler="org.apache.ibatis.type.EnumTypeHandler"/>
        <result property="description" column="s_description"/>
    </resultMap>

    <resultMap id="SeatResultMapWithJoins" type="com.lgcns.team17.aidd.fzrevc.entity.Seat" extends="SeatResultMap">
        <association property="floor" javaType="com.lgcns.team17.aidd.fzrevc.entity.Floor" columnPrefix="f_">
            <id property="id" column="id"/>
            <result property="name" column="name"/>
            <result property="floorNumber" column="floor_number"/>
            <result property="buildingId" column="building_id"/>
        </association>
        <association property="building" javaType="com.lgcns.team17.aidd.fzrevc.entity.Building" columnPrefix="b_">
            <id property="id" column="id"/>
            <result property="name" column="name"/>
        </association>
    </resultMap>

    <select id="findById" resultMap="SeatResultMapWithJoins">
        SELECT
            s.id as s_id, s.seat_number as s_seat_number, s.status as s_status, s.description as s_description, s.floor_id as s_floor_id,
            f.id as f_id, f.name as f_name, f.floor_number as f_floor_number, f.building_id as f_building_id,
            b.id as b_id, b.name as b_name
        FROM seat s
                 LEFT JOIN floor f ON s.floor_id = f.id
                 LEFT JOIN building b ON f.building_id = b.id
        WHERE s.id = #{id}
    </select>

    <select id="findAvailableSeats" resultMap="SeatResultMapWithJoins">
        SELECT
        s.id as s_id, s.seat_number as s_seat_number, s.status as s_status, s.description as s_description, s.floor_id as s_floor_id,
        f.id as f_id, f.name as f_name, f.floor_number as f_floor_number, f.building_id as f_building_id,
        b.id as b_id, b.name as b_name
        FROM seat s
        JOIN floor f ON s.floor_id = f.id
        JOIN building b ON f.building_id = b.id
        WHERE s.status != 'BROKEN'::seat_status_enum
        <if test="buildingId != null">AND f.building_id = #{buildingId}</if>
        <if test="floorId != null">AND s.floor_id = #{floorId}</if>
        AND NOT EXISTS (
        SELECT 1 FROM reservation r
        WHERE r.seat_id = s.id
        AND r.status IN ('RESERVED', 'IN_USE')
        AND r.start_time &lt; #{endTime}
        AND r.end_time &gt; #{startTime}
        )
        ORDER BY b.name, f.floor_number, s.seat_number
        LIMIT #{limit} OFFSET #{skip}
    </select>

    <select id="findSeatsByBuildingAndFloor" resultMap="SeatResultMapWithJoins">
        SELECT
            s.id as s_id, s.seat_number as s_seat_number, s.status as s_status, s.description as s_description, s.floor_id as s_floor_id,
            f.id as f_id, f.name as f_name, f.floor_number as f_floor_number, f.building_id as f_building_id,
            b.id as b_id, b.name as b_name
        FROM seat s
                 JOIN floor f ON s.floor_id = f.id
                 JOIN building b ON f.building_id = b.id
        WHERE f.building_id = #{buildingId} AND s.floor_id = #{floorId}
        ORDER BY s.seat_number
    </select>

    <select id="findSeatsByBuildingAndFloorWithDetails" resultMap="SeatResultMapWithJoins">
        <!-- Same as findSeatsByBuildingAndFloor, but named for clarity for AdminService -->
        SELECT
        s.id as s_id, s.seat_number as s_seat_number, s.status as s_status, s.description as s_description, s.floor_id as s_floor_id,
        f.id as f_id, f.name as f_name, f.floor_number as f_floor_number, f.building_id as f_building_id,
        b.id as b_id, b.name as b_name
        FROM seat s
        JOIN floor f ON s.floor_id = f.id
        JOIN building b ON f.building_id = b.id
        WHERE 1=1
        <if test="buildingId != null">AND f.building_id = #{buildingId}</if>
        <if test="floorId != null">AND s.floor_id = #{floorId}</if>
        ORDER BY b.name, f.floor_number, s.seat_number
    </select>

    <update id="updateStatus">
        UPDATE seat SET status = #{status}::seat_status_enum WHERE id = #{id}
    </update>
</mapper>